company,legal_name,input_status,input_batch,official_yc_name,official_yc_batch,round_date,date_precision,round_type,amount_usd,price_or_terms,lead_investors,all_publicly_named_investors,source_reference,source_url,source_confidence,notes
Aemon,"Omnial AI, Inc",Active,W26,Aemon,W26,2026-01-01,approx_batch_period,YC standard deal,"$500,000","$125,000 for 7% plus $375,000 on an uncapped SAFE with MFN.",Y Combinator,Y Combinator,Y Combinator's Standard Deal,https://www.ycombinator.com/deal,high,Approximate batch-period date used for ordering; exact YC close date is not public.
Anthrogen,Arctic Capture Inc.,Active,S24,Anthrogen,S24,2024-06-01,approx_batch_period,YC standard deal,"$500,000","$125,000 for 7% plus $375,000 on an uncapped SAFE with MFN.",Y Combinator,Y Combinator,Y Combinator's Standard Deal,https://www.ycombinator.com/deal,high,Approximate batch-period date used for ordering; exact YC close date is not public.
Anthrogen,Arctic Capture Inc.,Active,S24,Anthrogen,S24,2024-11-12,exact,Undisclosed venture round,"$4,000,000",Not publicly disclosed,Not publicly specified,ReGen Ventures; Wayfinder Ventures; BoxGroup; Liquid2 Ventures; Soma Capital; Ritual Capital; Collaborative Fund; Pioneer Fund; Y Combinator; Paul Graham; Kulveer Taggar; Todd Goldberg; Rahul Vohra angel fund,"AI chemical startup Anthrogen closed $4M from Y Combinator, Paul Graham / American Bazaar summary",https://www.axios.com/pro/climate-deals/2024/11/12/anthrogen-4m-ai-fuel,medium,Investor list assembled from public reporting summaries; no pricing disclosed.
Archil,Regatta Storage Inc.,Active,F24,Archil,F24,2024-09-01,approx_batch_period,YC standard deal,"$500,000","$125,000 for 7% plus $375,000 on an uncapped SAFE with MFN.",Y Combinator,Y Combinator,Y Combinator's Standard Deal,https://www.ycombinator.com/deal,high,Approximate batch-period date used for ordering; exact YC close date is not public.
Archil,Regatta Storage Inc.,Active,F24,Archil,F24,2025-06-02,exact,Undisclosed venture round,"$6,700,000",Not publicly disclosed,Not publicly specified,Y Combinator; Karman Ventures,Archil funding search results (CB Insights / Regatta Storage),,medium,CB Insights search snippet says Archil has raised 3 rounds and that its latest round was $6.7M on 2025-06-02; earlier rounds were not fully enumerated publicly from accessible snippets.
Ashr,,Active,W26,Ashr,W26,2026-01-01,approx_batch_period,YC standard deal,"$500,000","$125,000 for 7% plus $375,000 on an uncapped SAFE with MFN.",Y Combinator,Y Combinator,Y Combinator's Standard Deal,https://www.ycombinator.com/deal,high,Approximate batch-period date used for ordering; exact YC close date is not public.
Atum Works,Atum Works Inc.,Active,X25,Atum Works,X25,2025-04-01,exact,Seed,Undisclosed,Not publicly disclosed,Koro Capital,Koro Capital; Y Combinator,Atum Works funding search results (Crunchbase snippet),,medium,Public search snippets show a seed round dated 2025-04-01.
Atum Works,Atum Works Inc.,Active,X25,Atum Works,X25,2025-04-01,approx_batch_period,YC standard deal,"$500,000","$125,000 for 7% plus $375,000 on an uncapped SAFE with MFN.",Y Combinator,Y Combinator,Y Combinator's Standard Deal,https://www.ycombinator.com/deal,high,Approximate batch-period date used for ordering; exact YC close date is not public.
Auricle,Auricle Health Inc.,Active,W21,Auricle,W21,2021-01-01,approx_batch_period,YC standard deal,"$125,000","$125,000 for 7% (standard YC deal in 2021 batch materials).",Y Combinator,Y Combinator,How to Apply and Succeed at YC (2021),https://www.ycombinator.com/blog/how-to-apply-and-succeed-at-yc,high,Approximate batch-period date used for ordering; exact YC close date is not public.
Autosana,"Autosana, Inc.",Active,S25,Autosana,S25,2025-06-01,approx_batch_period,YC standard deal,"$500,000","$125,000 for 7% plus $375,000 on an uncapped SAFE with MFN.",Y Combinator,Y Combinator,Y Combinator's Standard Deal,https://www.ycombinator.com/deal,high,Approximate batch-period date used for ordering; exact YC close date is not public.
Autumn,"Recase, Inc.",Active,S25,Autumn,S25,2025-06-01,approx_batch_period,YC standard deal,"$500,000","$125,000 for 7% plus $375,000 on an uncapped SAFE with MFN.",Y Combinator,Y Combinator,Y Combinator's Standard Deal,https://www.ycombinator.com/deal,high,Approximate batch-period date used for ordering; exact YC close date is not public.
Autumn AI,"Autumn AI, Inc.",Active,W26,Autumn AI,W26,2026-01-01,approx_batch_period,YC standard deal,"$500,000","$125,000 for 7% plus $375,000 on an uncapped SAFE with MFN.",Y Combinator,Y Combinator,Y Combinator's Standard Deal,https://www.ycombinator.com/deal,high,Approximate batch-period date used for ordering; exact YC close date is not public.
Bindwell,Bindwell Inc,Active,W25,Bindwell,W25,2025-01-01,approx_before_follow_on,Pre-seed,Undisclosed,Not publicly disclosed,Character Capital,Character Capital,Bindwell company / Character Capital public materials,,medium,Character Capital publicly disclosed a pre-seed investment before Bindwell’s later follow-on round; exact date and amount were not publicly disclosed in accessible sources.
Bindwell,Bindwell Inc,Active,W25,Bindwell,W25,2025-01-01,approx_batch_period,YC standard deal,"$500,000","$125,000 for 7% plus $375,000 on an uncapped SAFE with MFN.",Y Combinator,Y Combinator,Y Combinator's Standard Deal,https://www.ycombinator.com/deal,high,Approximate batch-period date used for ordering; exact YC close date is not public.
Bindwell,Bindwell Inc,Active,W25,Bindwell,W25,2025-11-13,exact,Seed,"$6,000,000",Not publicly disclosed,General Catalyst; A Capital,General Catalyst; A Capital; Paul Graham,Teen founders raise $6M to reinvent pesticides using AI — and convince Paul Graham to join in | TechCrunch,https://techcrunch.com/2025/11/13/teen-founders-raise-6m-to-reinvent-pesticides-using-ai-and-convince-paul-graham-to-join-in/,high,TechCrunch publicly named the co-leads and Paul Graham; no pricing disclosed.
Biocartesian,Coordna Bio Inc,Active,S24,Biocartesian,S24,2024-06-01,approx_batch_period,YC standard deal,"$500,000","$125,000 for 7% plus $375,000 on an uncapped SAFE with MFN.",Y Combinator,Y Combinator,Y Combinator's Standard Deal,https://www.ycombinator.com/deal,high,Approximate batch-period date used for ordering; exact YC close date is not public.
BootLoop,BootLoop Inc.,Active,S25,BootLoop,S25,2025-06-01,approx_batch_period,YC standard deal,"$500,000","$125,000 for 7% plus $375,000 on an uncapped SAFE with MFN.",Y Combinator,Y Combinator,Y Combinator's Standard Deal,https://www.ycombinator.com/deal,high,Approximate batch-period date used for ordering; exact YC close date is not public.
Byteport,"Byteport, Inc",Active,W26,Byteport,W26,2026-01-01,approx_batch_period,YC standard deal,"$500,000","$125,000 for 7% plus $375,000 on an uncapped SAFE with MFN.",Y Combinator,Y Combinator,Y Combinator's Standard Deal,https://www.ycombinator.com/deal,high,Approximate batch-period date used for ordering; exact YC close date is not public.
Carrot Labs,"Carrot Labs AI, Inc.",Active,W26,Carrot Labs,W26,2026-01-01,approx_batch_period,YC standard deal,"$500,000","$125,000 for 7% plus $375,000 on an uncapped SAFE with MFN.",Y Combinator,Y Combinator,Y Combinator's Standard Deal,https://www.ycombinator.com/deal,high,Approximate batch-period date used for ordering; exact YC close date is not public.
Cartage,Cartage AI Inc.,Active,S24,Cartage,S24,2024-06-01,approx_batch_period,YC standard deal,"$500,000","$125,000 for 7% plus $375,000 on an uncapped SAFE with MFN.",Y Combinator,Y Combinator,Y Combinator's Standard Deal,https://www.ycombinator.com/deal,high,Approximate batch-period date used for ordering; exact YC close date is not public.
Cartage,Cartage AI Inc.,Active,S24,Cartage,S24,2024-10-10,exact,Undisclosed venture round,"$3,300,000",Not publicly disclosed,RyderVentures; 53 Stations; Soma Capital,RyderVentures; 53 Stations; Soma Capital; Y Combinator; Flexport; Rebel Fund,Cartage secures $3.3M to support shippers and carriers with automation - FreightWaves,https://www.freightwaves.com/news/cartage-secures-3-3m-to-support-shippers-and-carriers-with-automation,high,FreightWaves article disclosed amount and named investors but not per-share pricing.
Casco,"Transmittr, Inc.",Active,X25,Casco,X25,2025-04-01,approx_batch_period,YC standard deal,"$500,000","$125,000 for 7% plus $375,000 on an uncapped SAFE with MFN.",Y Combinator,Y Combinator,Y Combinator's Standard Deal,https://www.ycombinator.com/deal,high,Approximate batch-period date used for ordering; exact YC close date is not public.
Channel 3,"Channel3, Inc.",Active,S25,Channel3,S25,2025-06-01,approx_batch_period,YC standard deal,"$500,000","$125,000 for 7% plus $375,000 on an uncapped SAFE with MFN.",Y Combinator,Y Combinator,Y Combinator's Standard Deal,https://www.ycombinator.com/deal,high,Approximate batch-period date used for ordering; exact YC close date is not public.
Channel 3,"Channel3, Inc.",Active,S25,Channel3,S25,2025-12-10,exact,Seed,"$6,000,000",Not publicly disclosed,Matrix,Matrix; Y Combinator; Ludlow Ventures; Paul Graham; Sri Batchu; Matteo Franceschetti,Channel3 raises $6M to build a database of every product on the internet - Channel3 Blog,https://trychannel3.com/blog/channel3-raises-6m,high,Official company announcement and related PR named the seed syndicate.
Confluence Labs,"Confluence Labs, Inc.",Active,W26,Confluence Labs,W26,2026-01-01,approx_batch_period,YC standard deal,"$500,000","$125,000 for 7% plus $375,000 on an uncapped SAFE with MFN.",Y Combinator,Y Combinator,Y Combinator's Standard Deal,https://www.ycombinator.com/deal,high,Approximate batch-period date used for ordering; exact YC close date is not public.
Crunched,Crunched Inc,Active,F25,Crunched,F25,2025-09-01,approx_batch_period,YC standard deal,"$500,000","$125,000 for 7% plus $375,000 on an uncapped SAFE with MFN.",Y Combinator,Y Combinator,Y Combinator's Standard Deal,https://www.ycombinator.com/deal,high,Approximate batch-period date used for ordering; exact YC close date is not public.
Crustdata,Crustdata Technologies Inc.,Active,F24,Crustdata,F24,2024-09-01,approx_batch_period,YC standard deal,"$500,000","$125,000 for 7% plus $375,000 on an uncapped SAFE with MFN.",Y Combinator,Y Combinator,Y Combinator's Standard Deal,https://www.ycombinator.com/deal,high,Approximate batch-period date used for ordering; exact YC close date is not public.
Crustdata,Crustdata Technologies Inc.,Active,F24,Crustdata,F24,2025-10-23,exact,Seed,"$6,000,000",Not publicly disclosed,A Capital; General Catalyst,A Capital; General Catalyst; SV Angel; Phosphor Capital,Crustdata closes $6M seed round,https://crustdata.com/blog/crustdata-closes-6m-seed-round,high,"Another public database snippet referenced a 2024 $6M round involving Y Combinator and Pioneer Fund, but it could not be cleanly separated from this later announced seed round and is not double-counted here."
DeepGrove,DeepGrove,Active,S25,DeepGrove,S25,2025-06-01,approx_batch_period,YC standard deal,"$500,000","$125,000 for 7% plus $375,000 on an uncapped SAFE with MFN.",Y Combinator,Y Combinator,Y Combinator's Standard Deal,https://www.ycombinator.com/deal,high,Approximate batch-period date used for ordering; exact YC close date is not public.
Deepsilicon,Deepsilicon Corp.,Dead,S24,deepsilicon,S24,2024-06-01,approx_batch_period,YC standard deal,"$500,000","$125,000 for 7% plus $375,000 on an uncapped SAFE with MFN.",Y Combinator,Y Combinator,Y Combinator's Standard Deal,https://www.ycombinator.com/deal,high,Approximate batch-period date used for ordering; exact YC close date is not public.
Design Arena,Arcada Labs Incorporated,Active,S25,Design Arena,S25,2025-06-01,approx_batch_period,YC standard deal,"$500,000","$125,000 for 7% plus $375,000 on an uncapped SAFE with MFN.",Y Combinator,Y Combinator,Y Combinator's Standard Deal,https://www.ycombinator.com/deal,high,Approximate batch-period date used for ordering; exact YC close date is not public.
Dome,Dome API Inc.,Active,F25,Dome,F25,2025-09-01,approx_batch_period,YC standard deal,"$500,000","$125,000 for 7% plus $375,000 on an uncapped SAFE with MFN.",Y Combinator,Y Combinator,Y Combinator's Standard Deal,https://www.ycombinator.com/deal,high,Approximate batch-period date used for ordering; exact YC close date is not public.
Edexia,Edexia Inc,Active,W25,Edexia,W25,2025-01-01,approx_batch_period,YC standard deal,"$500,000","$125,000 for 7% plus $375,000 on an uncapped SAFE with MFN.",Y Combinator,Y Combinator,Y Combinator's Standard Deal,https://www.ycombinator.com/deal,high,Approximate batch-period date used for ordering; exact YC close date is not public.
Enhanced Radar,Enhanced Radar Corporation,Active,W25,Enhanced Radar,W25,2025-01-01,approx_batch_period,YC standard deal,"$500,000","$125,000 for 7% plus $375,000 on an uncapped SAFE with MFN.",Y Combinator,Y Combinator,Y Combinator's Standard Deal,https://www.ycombinator.com/deal,high,Approximate batch-period date used for ordering; exact YC close date is not public.
Fixture,"Fixture, Inc.",Active,W26,Fixture,W26,2026-01-01,approx_batch_period,YC standard deal,"$500,000","$125,000 for 7% plus $375,000 on an uncapped SAFE with MFN.",Y Combinator,Y Combinator,Y Combinator's Standard Deal,https://www.ycombinator.com/deal,high,Approximate batch-period date used for ordering; exact YC close date is not public.
Forum,"Forum Markets Group Inc.,",Active,W26,Forum,W26,2026-01-01,approx_batch_period,YC standard deal,"$500,000","$125,000 for 7% plus $375,000 on an uncapped SAFE with MFN.",Y Combinator,Y Combinator,Y Combinator's Standard Deal,https://www.ycombinator.com/deal,high,Approximate batch-period date used for ordering; exact YC close date is not public.
Friday,Friday Inc,Active,F24,Friday,F24,2024-09-01,approx_batch_period,YC standard deal,"$500,000","$125,000 for 7% plus $375,000 on an uncapped SAFE with MFN.",Y Combinator,Y Combinator,Y Combinator's Standard Deal,https://www.ycombinator.com/deal,high,Approximate batch-period date used for ordering; exact YC close date is not public.
Gauge,Gauge Technologies Inc.,Active,S24,Gauge,S24,2024-06-01,approx_batch_period,YC standard deal,"$500,000","$125,000 for 7% plus $375,000 on an uncapped SAFE with MFN.",Y Combinator,Y Combinator,Y Combinator's Standard Deal,https://www.ycombinator.com/deal,high,Approximate batch-period date used for ordering; exact YC close date is not public.
Gauge,Gauge Technologies Inc.,Active,S24,Gauge,S24,2024-09-11,exact,Pre-seed,Undisclosed,Not publicly disclosed,Not publicly specified,Y Combinator; Pioneer Fund,Gauge / withgauge funding search results,,medium,Public snippets show a 2024-09-11 pre-seed round.
Gecko Security,Gecko Security Inc,Active,F24,Gecko Security,F24,2024-09-01,approx_batch_period,YC standard deal,"$500,000","$125,000 for 7% plus $375,000 on an uncapped SAFE with MFN.",Y Combinator,Y Combinator,Y Combinator's Standard Deal,https://www.ycombinator.com/deal,high,Approximate batch-period date used for ordering; exact YC close date is not public.
Gecko Security,Gecko Security Inc,Active,F24,Gecko Security,F24,2025-05-19,exact,Pre-seed,"$1,200,000",Not publicly disclosed,Script Capital,Script Capital; Y Combinator; Pitchdrive; Runtime Ventures,Gecko Security funding search results,,medium,Public snippets show a $1.2M pre-seed round on 2025-05-19.
General Astronautics,General Astronautics Corp,Active,W26,General Astronautics,W26,2026-01-01,approx_batch_period,YC standard deal,"$500,000","$125,000 for 7% plus $375,000 on an uncapped SAFE with MFN.",Y Combinator,Y Combinator,Y Combinator's Standard Deal,https://www.ycombinator.com/deal,high,Approximate batch-period date used for ordering; exact YC close date is not public.
GETASAP,Blaze Market Incorporated,Active,S25,GETASAP,S25,2025-06-01,approx_batch_period,YC standard deal,"$500,000","$125,000 for 7% plus $375,000 on an uncapped SAFE with MFN.",Y Combinator,Y Combinator,Y Combinator's Standard Deal,https://www.ycombinator.com/deal,high,Approximate batch-period date used for ordering; exact YC close date is not public.
GrazeMate,,Active,W26,GrazeMate,W26,2026-01-01,approx_batch_period,YC standard deal,"$500,000","$125,000 for 7% plus $375,000 on an uncapped SAFE with MFN.",Y Combinator,Y Combinator,Y Combinator's Standard Deal,https://www.ycombinator.com/deal,high,Approximate batch-period date used for ordering; exact YC close date is not public.
GrazeMate,,Active,W26,GrazeMate,W26,2026-01-13,exact,Undisclosed venture round,"$1,200,000",Not publicly disclosed,Macdoch Ventures,Macdoch Ventures; Archangel Ventures; Upside Ventures; Y Combinator,GrazeMate Raises $1.2 Million As 19-Year-Old CEO Automates Cattle Mustering,https://www.forbes.com.au/news/innovation/grazemate-raises-1-2-million-19-year-old-ceo-cattle-mustering/,high,Public feature coverage named investors but did not publish pricing.
Haleum,Pysion Works Inc,Active,W25,Haleum,W25,2025-01-01,approx_batch_period,YC standard deal,"$500,000","$125,000 for 7% plus $375,000 on an uncapped SAFE with MFN.",Y Combinator,Y Combinator,Y Combinator's Standard Deal,https://www.ycombinator.com/deal,high,Approximate batch-period date used for ordering; exact YC close date is not public.
Hex Security,"Anytool, Inc.",Active,W26,Hex Security,W26,2026-01-01,approx_batch_period,YC standard deal,"$500,000","$125,000 for 7% plus $375,000 on an uncapped SAFE with MFN.",Y Combinator,Y Combinator,Y Combinator's Standard Deal,https://www.ycombinator.com/deal,high,Approximate batch-period date used for ordering; exact YC close date is not public.
Hillclimb,"Plun, Inc.",Active,F25,hillclimb,F25,2025-09-01,approx_batch_period,YC standard deal,"$500,000","$125,000 for 7% plus $375,000 on an uncapped SAFE with MFN.",Y Combinator,Y Combinator,Y Combinator's Standard Deal,https://www.ycombinator.com/deal,high,Approximate batch-period date used for ordering; exact YC close date is not public.
Hillclimb,"Plun, Inc.",Active,F25,hillclimb,F25,2025-11-24,exact,Seed,"$8,000,000",Not publicly disclosed,M13,M13; Y Combinator,Hillclimb funding search results / TechCrunch snippet,,medium,Public search snippets reported an $8M seed round led by M13.
Human Behavior,"Make Dough, Inc.",Active,X25,Human Behavior,X25,2025-04-01,approx_batch_period,YC standard deal,"$500,000","$125,000 for 7% plus $375,000 on an uncapped SAFE with MFN.",Y Combinator,Y Combinator,Y Combinator's Standard Deal,https://www.ycombinator.com/deal,high,Approximate batch-period date used for ordering; exact YC close date is not public.
Human Behavior,"Make Dough, Inc.",Active,X25,Human Behavior,X25,2025-09-03,exact,Undisclosed venture round,"$5,000,000",Not publicly disclosed,General Catalyst,General Catalyst; Y Combinator; Paul Graham; Vercel Ventures,"These 20- and 22-year-olds raised $5M from YC, General Catalyst to study online behavior using vision AI | TechCrunch",https://techcrunch.com/2025/09/03/these-20-and-22-year-olds-raised-5m-from-yc-general-catalyst-to-study-online-behavior-using-vision-ai/,high,TechCrunch did not disclose a per-share price or valuation.
Icarus,Ikaros Industries Inc,Active,F25,Icarus,F25,2025-09-01,approx_batch_period,YC standard deal,"$500,000","$125,000 for 7% plus $375,000 on an uncapped SAFE with MFN.",Y Combinator,Y Combinator,Y Combinator's Standard Deal,https://www.ycombinator.com/deal,high,Approximate batch-period date used for ordering; exact YC close date is not public.
Iris,Minro.inc,Active,F25,Minro,F25,2025-09-01,approx_batch_period,YC standard deal,"$500,000","$125,000 for 7% plus $375,000 on an uncapped SAFE with MFN.",Y Combinator,Y Combinator,Y Combinator's Standard Deal,https://www.ycombinator.com/deal,high,Approximate batch-period date used for ordering; exact YC close date is not public.
Janet,"Janet AI, Inc.",Active,S25,Janet AI,S25,2025-06-01,approx_batch_period,YC standard deal,"$500,000","$125,000 for 7% plus $375,000 on an uncapped SAFE with MFN.",Y Combinator,Y Combinator,Y Combinator's Standard Deal,https://www.ycombinator.com/deal,high,Approximate batch-period date used for ordering; exact YC close date is not public.
Juxta,"Juxta Technology, Inc.",Active,S25,Juxta,S25,2025-06-01,approx_batch_period,YC standard deal,"$500,000","$125,000 for 7% plus $375,000 on an uncapped SAFE with MFN.",Y Combinator,Y Combinator,Y Combinator's Standard Deal,https://www.ycombinator.com/deal,high,Approximate batch-period date used for ordering; exact YC close date is not public.
Kopra,"Kopra Bio, Inc.",Active,S25,Kopra Bio,S24,2025-06-01,approx_batch_period,YC standard deal,"$500,000","$125,000 for 7% plus $375,000 on an uncapped SAFE with MFN.",Y Combinator,Y Combinator,Y Combinator's Standard Deal,https://www.ycombinator.com/deal,high,Approximate batch-period date used for ordering; exact YC close date is not public.
Leaping AI,Leaping AI Inc.,Active,W25,Leaping AI,W25,2025-01-01,approx_batch_period,YC standard deal,"$500,000","$125,000 for 7% plus $375,000 on an uncapped SAFE with MFN.",Y Combinator,Y Combinator,Y Combinator's Standard Deal,https://www.ycombinator.com/deal,high,Approximate batch-period date used for ordering; exact YC close date is not public.
Leaping AI,Leaping AI Inc.,Active,W25,Leaping AI,W25,2025-08-20,exact,Seed,"$4,700,000",Not publicly disclosed,Nexus Venture Partners,Nexus Venture Partners; Paul Graham; Kaz Nejatian; Ritual Capital; Pioneer Fund; Orange Collective; founders of Cartesia,"Leaping AI Raised $4.7 Million in Silicon Valley, Struggled in Germany - Business Insider",https://www.businessinsider.com/leaping-ai-raised-millions-silicon-valley-struggled-in-germany-2025-8,high,Business Insider identified the lead and participating investors.
Ligo Biosciences,"Ligo Biosceinces Corp,",Active,S24,Ligo Biosciences,S24,2024-06-01,approx_batch_period,YC standard deal,"$500,000","$125,000 for 7% plus $375,000 on an uncapped SAFE with MFN.",Y Combinator,Y Combinator,Y Combinator's Standard Deal,https://www.ycombinator.com/deal,high,Approximate batch-period date used for ordering; exact YC close date is not public.
Ligo Biosciences,"Ligo Biosceinces Corp,",Active,S24,Ligo Biosciences,S24,2024-09-25,exact,Pre-seed,Undisclosed,Not publicly disclosed,Not publicly specified,Y Combinator; Liquid2 Ventures; Oxonian Ventures,Ligo Biosciences funding search results (Crunchbase / TheCompanyCheck),,medium,Public snippets show a 2024-09-25 pre-seed round with three named investors.
Locus,Locus Technologies Inc,Active,F25,Locus,F25,2025-09-01,approx_batch_period,YC standard deal,"$500,000","$125,000 for 7% plus $375,000 on an uncapped SAFE with MFN.",Y Combinator,Y Combinator,Y Combinator's Standard Deal,https://www.ycombinator.com/deal,high,Approximate batch-period date used for ordering; exact YC close date is not public.
Luel,Luel,Active,W26,Luel,W26,2026-01-01,approx_batch_period,YC standard deal,"$500,000","$125,000 for 7% plus $375,000 on an uncapped SAFE with MFN.",Y Combinator,Y Combinator,Y Combinator's Standard Deal,https://www.ycombinator.com/deal,high,Approximate batch-period date used for ordering; exact YC close date is not public.
Luminal,"Luminal AI, Inc.",Active,S25,Luminal,S25,2025-06-01,approx_batch_period,YC standard deal,"$500,000","$125,000 for 7% plus $375,000 on an uncapped SAFE with MFN.",Y Combinator,Y Combinator,Y Combinator's Standard Deal,https://www.ycombinator.com/deal,high,Approximate batch-period date used for ordering; exact YC close date is not public.
Luminal,"Luminal AI, Inc.",Active,S25,Luminal,S25,2025-11-17,exact,Seed,"$5,300,000",Not publicly disclosed,8VC,8VC; Daniel Gross; GGV Capital; Y Combinator; lowercarbon capital; JD Ross; Founders Inc.,Luminal raises $5.3 million to build a better GPU code framework | TechCrunch,https://techcrunch.com/2025/11/17/luminal-raises-5-3-million-to-build-a-better-gpu-code-framework/,high,TechCrunch named the lead and participating investors.
Maitai,Maitai Inc.,Active,S24,Maitai,S24,2024-06-01,approx_batch_period,YC standard deal,"$500,000","$125,000 for 7% plus $375,000 on an uncapped SAFE with MFN.",Y Combinator,Y Combinator,Y Combinator's Standard Deal,https://www.ycombinator.com/deal,high,Approximate batch-period date used for ordering; exact YC close date is not public.
Maritime Fusion,Maritime Fusion Inc,Active,W25,Maritime Fusion,W25,2025-01-01,approx_batch_period,YC standard deal,"$500,000","$125,000 for 7% plus $375,000 on an uncapped SAFE with MFN.",Y Combinator,Y Combinator,Y Combinator's Standard Deal,https://www.ycombinator.com/deal,high,Approximate batch-period date used for ordering; exact YC close date is not public.
Mastra,Kepler Software Inc,Active,W25,Mastra,W25,2025-01-01,approx_batch_period,YC standard deal,"$500,000","$125,000 for 7% plus $375,000 on an uncapped SAFE with MFN.",Y Combinator,Y Combinator,Y Combinator's Standard Deal,https://www.ycombinator.com/deal,high,Approximate batch-period date used for ordering; exact YC close date is not public.
Mentra,Mentra Labs Inc,Active,W25,Mentra,W25,2025-01-01,approx_batch_period,YC standard deal,"$500,000","$125,000 for 7% plus $375,000 on an uncapped SAFE with MFN.",Y Combinator,Y Combinator,Y Combinator's Standard Deal,https://www.ycombinator.com/deal,high,Approximate batch-period date used for ordering; exact YC close date is not public.
Mentra,Mentra Labs Inc,Active,W25,Mentra,W25,2025-07-01,exact,Seed,"$8,000,000",Not publicly disclosed,Not publicly specified,Rich Miner; Jawed Karim; Eric Migicovsky; Paul Graham; Y Combinator; Toyota Ventures; Amazon venture arm; Hartmann Capital,Mentra Raises $8 Million To Launch Open-Source OS For Smart Glasses,https://www.forbes.com/sites/charliefink/2025/07/01/mentra-raises-8-million-to-launch-open-source-os-for-smart-glasses/,high,Public reporting named strategic and angel backers but not pricing.
Milliray,,Active,W26,Milliray,W26,2026-01-01,approx_batch_period,YC standard deal,"$500,000","$125,000 for 7% plus $375,000 on an uncapped SAFE with MFN.",Y Combinator,Y Combinator,Y Combinator's Standard Deal,https://www.ycombinator.com/deal,high,Approximate batch-period date used for ordering; exact YC close date is not public.
Monarcha,"Monarcha, Inc.",Active,S25,Monarcha,S25,2025-06-01,approx_batch_period,YC standard deal,"$500,000","$125,000 for 7% plus $375,000 on an uncapped SAFE with MFN.",Y Combinator,Y Combinator,Y Combinator's Standard Deal,https://www.ycombinator.com/deal,high,Approximate batch-period date used for ordering; exact YC close date is not public.
Multifactor,Multifactor Inc,Active,F25,Multifactor,F25,2025-09-01,approx_batch_period,YC standard deal,"$500,000","$125,000 for 7% plus $375,000 on an uncapped SAFE with MFN.",Y Combinator,Y Combinator,Y Combinator's Standard Deal,https://www.ycombinator.com/deal,high,Approximate batch-period date used for ordering; exact YC close date is not public.
Nexus,Nexus Enterprise Inc,Active,F25,Nexus,F25,2025-09-01,approx_batch_period,YC standard deal,"$500,000","$125,000 for 7% plus $375,000 on an uncapped SAFE with MFN.",Y Combinator,Y Combinator,Y Combinator's Standard Deal,https://www.ycombinator.com/deal,high,Approximate batch-period date used for ordering; exact YC close date is not public.
Novoflow,"Novoflow, Inc.",Active,X25,Novoflow,X25,2025-04-01,approx_batch_period,YC standard deal,"$500,000","$125,000 for 7% plus $375,000 on an uncapped SAFE with MFN.",Y Combinator,Y Combinator,Y Combinator's Standard Deal,https://www.ycombinator.com/deal,high,Approximate batch-period date used for ordering; exact YC close date is not public.
Novoflow,"Novoflow, Inc.",Active,X25,Novoflow,X25,2025-11-03,exact,Pre-seed,"$3,000,000",Not publicly disclosed,Not publicly specified,Charlie Songhurst; Sriram Krishnan; Guillermo Rauch; Y Combinator,Pitch Deck: Novoflow Founders Raised $3 Million Out of Y Combinator - Business Insider,https://www.businessinsider.com/novoflow-pitch-deck-y-combinator-founders-raised-3-million-2025-10,high,Business Insider described a $3M round that included YC and named angels.
Nozomio,Nozomio Inc.,Active,S25,Nozomio,S25,2025-01-31,exact,Pre-seed,Undisclosed,Not publicly disclosed,LocalGlobe,LocalGlobe; No Label Ventures; Andrena Ventures; Ventures Together; Eurasian Hub Ventures; Artificial Societies,Nozomio pre-seed public coverage (Silicon Canals / UKTN),,medium,Public reports named the investor syndicate but did not disclose the round amount.
Nozomio,Nozomio Inc.,Active,S25,Nozomio,S25,2025-06-01,approx_batch_period,YC standard deal,"$500,000","$125,000 for 7% plus $375,000 on an uncapped SAFE with MFN.",Y Combinator,Y Combinator,Y Combinator's Standard Deal,https://www.ycombinator.com/deal,high,Approximate batch-period date used for ordering; exact YC close date is not public.
Nozomio,Nozomio Inc.,Active,S25,Nozomio,S25,2025-10-01,exact,Seed,"$6,200,000",Not publicly disclosed,CRV,CRV; BoxGroup; LocalGlobe; Y Combinator; Paul Graham; 20VC Product Fund; Thomas Wolf; Gustav Söderström; Operators & Friends,"High School Dropout Founds YC Startup Nozomio, Raises $6 Million Seed - Business Insider",https://www.businessinsider.com/nozomio-high-school-dropout-y-combinator-6-million-seed-2025-9,high,Nordic9 and Business Insider reporting cited the round at roughly $6.2M and named the syndicate.
Nuntius,"Nuntius, Inc.",Dead,S25,Nuntius,S25,2025-06-01,approx_batch_period,YC standard deal,"$500,000","$125,000 for 7% plus $375,000 on an uncapped SAFE with MFN.",Y Combinator,Y Combinator,Y Combinator's Standard Deal,https://www.ycombinator.com/deal,high,Approximate batch-period date used for ordering; exact YC close date is not public.
o11,O11 Inc.,Active,W26,o11,W26,2026-01-01,approx_batch_period,YC standard deal,"$500,000","$125,000 for 7% plus $375,000 on an uncapped SAFE with MFN.",Y Combinator,Y Combinator,Y Combinator's Standard Deal,https://www.ycombinator.com/deal,high,Approximate batch-period date used for ordering; exact YC close date is not public.
Opennote,"Opennote, Inc.",Active,S25,Opennote,S25,2025-04-01,month_only,Pre-seed,"$850,000",All-equity round; company said the financing was closed on SAFEs.,Y Combinator; Afore Capital,Y Combinator; Afore Capital; unnamed angel investors,"Opennote raises $850,000 USD, secures Y Combinator spot for edtech platform | BetaKit",https://betakit.com/opennote-raises-850000-usd-secures-y-combinator-spot-for-edtech-platform/,high,BetaKit reported the round closed in April 2025; exact closing day was not disclosed.
Opennote,"Opennote, Inc.",Active,S25,Opennote,S25,2025-06-01,approx_batch_period,YC standard deal,"$500,000","$125,000 for 7% plus $375,000 on an uncapped SAFE with MFN.",Y Combinator,Y Combinator,Y Combinator's Standard Deal,https://www.ycombinator.com/deal,high,Approximate batch-period date used for ordering; exact YC close date is not public.
Orange Slice,"Orange Slice AI, Inc.",Active,S25,Orange Slice,S25,2025-06-01,approx_batch_period,YC standard deal,"$500,000","$125,000 for 7% plus $375,000 on an uncapped SAFE with MFN.",Y Combinator,Y Combinator,Y Combinator's Standard Deal,https://www.ycombinator.com/deal,high,Approximate batch-period date used for ordering; exact YC close date is not public.
Orange Slice,"Orange Slice AI, Inc.",Active,S25,Orange Slice,S25,2025-11-24,exact,Seed,"$1,900,000",Not publicly disclosed,General Catalyst,General Catalyst; Y Combinator; Pioneer Fund; Flex Capital; Ryan Hoover; Shopify veterans,Orange Slice funding search results / TechCrunch snippet,,medium,TechCrunch search snippet named General Catalyst and several participating investors.
Origami Robotics,,Active,W26,Origami Robotics,W26,2026-01-01,approx_batch_period,YC standard deal,"$500,000","$125,000 for 7% plus $375,000 on an uncapped SAFE with MFN.",Y Combinator,Y Combinator,Y Combinator's Standard Deal,https://www.ycombinator.com/deal,high,Approximate batch-period date used for ordering; exact YC close date is not public.
Osmosis,Gulp AI Inc.,Active,W25,Osmosis,W25,2025-01-01,approx_batch_period,YC standard deal,"$500,000","$125,000 for 7% plus $375,000 on an uncapped SAFE with MFN.",Y Combinator,Y Combinator,Y Combinator's Standard Deal,https://www.ycombinator.com/deal,high,Approximate batch-period date used for ordering; exact YC close date is not public.
Parahelp,Copilot Labs Inc,Active,S24,Parahelp,S24,2024-06-01,approx_batch_period,YC standard deal,"$500,000","$125,000 for 7% plus $375,000 on an uncapped SAFE with MFN.",Y Combinator,Y Combinator,Y Combinator's Standard Deal,https://www.ycombinator.com/deal,high,Approximate batch-period date used for ordering; exact YC close date is not public.
Parahelp,Copilot Labs Inc,Active,S24,Parahelp,S24,2024-12-03,exact,Pre-seed,Undisclosed,Not publicly disclosed,Not publicly specified,Y Combinator; Sequoia Capital; Liquid2 Ventures; Google for Startups,Parahelp funding search results (Crunchbase snippet),,medium,Crunchbase search snippet indicates Parahelp has raised three rounds; only the latest pre-seed round could be partially enumerated from public snippets.
Partcl,"Partcl, Inc.",Active,X25,Partcl,X25,2025-04-01,approx_batch_period,YC standard deal,"$500,000","$125,000 for 7% plus $375,000 on an uncapped SAFE with MFN.",Y Combinator,Y Combinator,Y Combinator's Standard Deal,https://www.ycombinator.com/deal,high,Approximate batch-period date used for ordering; exact YC close date is not public.
Pax Historia,"Pax Historia, Co.",Active,W26,Pax Historia,W26,2026-01-01,approx_batch_period,YC standard deal,"$500,000","$125,000 for 7% plus $375,000 on an uncapped SAFE with MFN.",Y Combinator,Y Combinator,Y Combinator's Standard Deal,https://www.ycombinator.com/deal,high,Approximate batch-period date used for ordering; exact YC close date is not public.
Perseus,"Perseus Defense, Inc.",Active,S25,Perseus Defense,S25,2025-06-01,approx_batch_period,YC standard deal,"$500,000","$125,000 for 7% plus $375,000 on an uncapped SAFE with MFN.",Y Combinator,Y Combinator,Y Combinator's Standard Deal,https://www.ycombinator.com/deal,high,Approximate batch-period date used for ordering; exact YC close date is not public.
Piggy Robotics,Rigmanic inc,Active,S24,Piggy Robotics,F25,2024-06-01,approx_batch_period,YC standard deal,"$500,000","$125,000 for 7% plus $375,000 on an uncapped SAFE with MFN.",Y Combinator,Y Combinator,Y Combinator's Standard Deal,https://www.ycombinator.com/deal,high,Approximate batch-period date used for ordering; exact YC close date is not public.
Pingo,"Pingo AI, Inc.",Active,S25,Pingo AI,S25,2025-06-01,approx_batch_period,YC standard deal,"$500,000","$125,000 for 7% plus $375,000 on an uncapped SAFE with MFN.",Y Combinator,Y Combinator,Y Combinator's Standard Deal,https://www.ycombinator.com/deal,high,Approximate batch-period date used for ordering; exact YC close date is not public.
Piris Labs,Piris Labs Inc.,Acive,W26,Piris Labs,W26,2026-01-01,approx_batch_period,YC standard deal,"$500,000","$125,000 for 7% plus $375,000 on an uncapped SAFE with MFN.",Y Combinator,Y Combinator,Y Combinator's Standard Deal,https://www.ycombinator.com/deal,high,Approximate batch-period date used for ordering; exact YC close date is not public.
Pollen,"Daymi, Inc.",Active,W26,Pollen,W26,2026-01-01,approx_batch_period,YC standard deal,"$500,000","$125,000 for 7% plus $375,000 on an uncapped SAFE with MFN.",Y Combinator,Y Combinator,Y Combinator's Standard Deal,https://www.ycombinator.com/deal,high,Approximate batch-period date used for ordering; exact YC close date is not public.
Prana,,Active,W26,Prana,W26,2026-01-01,approx_batch_period,YC standard deal,"$500,000","$125,000 for 7% plus $375,000 on an uncapped SAFE with MFN.",Y Combinator,Y Combinator,Y Combinator's Standard Deal,https://www.ycombinator.com/deal,high,Approximate batch-period date used for ordering; exact YC close date is not public.
Proliferate,Keystone Automation Inc.,Active,S25,Proliferate,S25,2025-06-01,approx_batch_period,YC standard deal,"$500,000","$125,000 for 7% plus $375,000 on an uncapped SAFE with MFN.",Y Combinator,Y Combinator,Y Combinator's Standard Deal,https://www.ycombinator.com/deal,high,Approximate batch-period date used for ordering; exact YC close date is not public.
Prox,Dart Labs Inc,Active,F25,Prox,F25,2025-09-01,approx_batch_period,YC standard deal,"$500,000","$125,000 for 7% plus $375,000 on an uncapped SAFE with MFN.",Y Combinator,Y Combinator,Y Combinator's Standard Deal,https://www.ycombinator.com/deal,high,Approximate batch-period date used for ordering; exact YC close date is not public.
QFEX,"QFEX Holdings, Inc.",Active,X25,QFEX,X25,2025-04-01,approx_batch_period,YC standard deal,"$500,000","$125,000 for 7% plus $375,000 on an uncapped SAFE with MFN.",Y Combinator,Y Combinator,Y Combinator's Standard Deal,https://www.ycombinator.com/deal,high,Approximate batch-period date used for ordering; exact YC close date is not public.
QFEX,"QFEX Holdings, Inc.",Active,X25,QFEX,X25,2026-03-05,exact,Seed,"$9,500,000",Not publicly disclosed,Dragonfly; Manifold,Dragonfly; Manifold; HSF; Mirana; Hash3; Provenance; MoonPay Ventures; Double Peak; 1A1z; WAGMi Ventures; Ashwin Ramachandran; Chris Adelsbach,QFEX completes $9.5 million seed round led by Dragonfly and Manifold,,medium,Investor list from public fintech coverage; pricing not disclosed.
Relling,Relling Corp.,Active,S25,Relling,S25,2025-06-01,approx_batch_period,YC standard deal,"$500,000","$125,000 for 7% plus $375,000 on an uncapped SAFE with MFN.",Y Combinator,Y Combinator,Y Combinator's Standard Deal,https://www.ycombinator.com/deal,high,Approximate batch-period date used for ordering; exact YC close date is not public.
Revise Robotics,Revise Robotics Inc.,Active,W25,Revise Robotics,W25,2025-01-01,approx_batch_period,YC standard deal,"$500,000","$125,000 for 7% plus $375,000 on an uncapped SAFE with MFN.",Y Combinator,Y Combinator,Y Combinator's Standard Deal,https://www.ycombinator.com/deal,high,Approximate batch-period date used for ordering; exact YC close date is not public.
RunRL,"RunRL, Inc.",Active,X25,RunRL,X25,2025-04-01,approx_batch_period,YC standard deal,"$500,000","$125,000 for 7% plus $375,000 on an uncapped SAFE with MFN.",Y Combinator,Y Combinator,Y Combinator's Standard Deal,https://www.ycombinator.com/deal,high,Approximate batch-period date used for ordering; exact YC close date is not public.
RunRL,"RunRL, Inc.",Active,X25,RunRL,X25,2025-09-19,exact,Seed,Undisclosed,Not publicly disclosed,Pear VC,Pear VC; Y Combinator,RunRL funding search results (Crunchbase snippet),,medium,Public search snippets show a seed round dated 2025-09-19.
SalesPatriot,"Salespatriot, Inc.",Active,W25,SalesPatriot,W25,2025-01-01,approx_batch_period,YC standard deal,"$500,000","$125,000 for 7% plus $375,000 on an uncapped SAFE with MFN.",Y Combinator,Y Combinator,Y Combinator's Standard Deal,https://www.ycombinator.com/deal,high,Approximate batch-period date used for ordering; exact YC close date is not public.
SalesPatriot,"Salespatriot, Inc.",Active,W25,SalesPatriot,W25,2025-10-28,exact,Seed,"$5,000,000",Not publicly disclosed,CRV,CRV; Pear VC; Y Combinator; SV Angel; Liquid2 Ventures; Uncorrelated Ventures; Paul Graham; Rich Miner; Mark Pincus; Steve Blank; Mati Staniszewski,We've raised $5M and we're hiring,https://salespatriot.com/blog/5-million-seed-funding,high,"Official company post named the lead, funds, and angel backers."
Selfin,Selfin Inc,Active,F25,Selfin,F25,2025-09-01,approx_batch_period,YC standard deal,"$500,000","$125,000 for 7% plus $375,000 on an uncapped SAFE with MFN.",Y Combinator,Y Combinator,Y Combinator's Standard Deal,https://www.ycombinator.com/deal,high,Approximate batch-period date used for ordering; exact YC close date is not public.
SF Tensor,San Francisco Tensor Company,Active,F25,SF Tensor,F25,2025-09-01,approx_batch_period,YC standard deal,"$500,000","$125,000 for 7% plus $375,000 on an uncapped SAFE with MFN.",Y Combinator,Y Combinator,Y Combinator's Standard Deal,https://www.ycombinator.com/deal,high,Approximate batch-period date used for ordering; exact YC close date is not public.
Sim,Sim Studio,Active,X25,Sim,X25,2025-04-01,approx_batch_period,YC standard deal,"$500,000","$125,000 for 7% plus $375,000 on an uncapped SAFE with MFN.",Y Combinator,Y Combinator,Y Combinator's Standard Deal,https://www.ycombinator.com/deal,high,Approximate batch-period date used for ordering; exact YC close date is not public.
Sim,Sim Studio,Active,X25,Sim,X25,2025-11-12,exact,Series A,"$7,000,000",Not publicly disclosed,a16z Speedrun,a16z Speedrun; Liquid2 Ventures; Pioneer Fund; Y Combinator; Microsoft executives; Google executives,$7M Series A | Sim,https://www.sim.ai/studio/series-a,high,Official company post named lead investor and categories of participating strategic angels.
Slashy,"Karvix, Inc.",Active,S25,Slashy,S25,2025-06-01,approx_batch_period,YC standard deal,"$500,000","$125,000 for 7% plus $375,000 on an uncapped SAFE with MFN.",Y Combinator,Y Combinator,Y Combinator's Standard Deal,https://www.ycombinator.com/deal,high,Approximate batch-period date used for ordering; exact YC close date is not public.
Solva,Solva Technology Inc,Active,S25,Solva,S25,2025-06-01,approx_batch_period,YC standard deal,"$500,000","$125,000 for 7% plus $375,000 on an uncapped SAFE with MFN.",Y Combinator,Y Combinator,Y Combinator's Standard Deal,https://www.ycombinator.com/deal,high,Approximate batch-period date used for ordering; exact YC close date is not public.
Sorce,"redantai, Inc.",Active,F25,Sorce,F25,2025-09-01,approx_batch_period,YC standard deal,"$500,000","$125,000 for 7% plus $375,000 on an uncapped SAFE with MFN.",Y Combinator,Y Combinator,Y Combinator's Standard Deal,https://www.ycombinator.com/deal,high,Approximate batch-period date used for ordering; exact YC close date is not public.
Stack Auth,Stackframe Inc,Active,S24,Stack Auth,S24,2024-06-01,approx_batch_period,YC standard deal,"$500,000","$125,000 for 7% plus $375,000 on an uncapped SAFE with MFN.",Y Combinator,Y Combinator,Y Combinator's Standard Deal,https://www.ycombinator.com/deal,high,Approximate batch-period date used for ordering; exact YC close date is not public.
Stellon Labs,Stellon Labs INC.,Active,S25,Stellon Labs,S25,2025-06-01,approx_batch_period,YC standard deal,"$500,000","$125,000 for 7% plus $375,000 on an uncapped SAFE with MFN.",Y Combinator,Y Combinator,Y Combinator's Standard Deal,https://www.ycombinator.com/deal,high,Approximate batch-period date used for ordering; exact YC close date is not public.
Structured AI,Structured Software Inc,Active,F25,Structured AI,F25,2025-09-01,approx_batch_period,YC standard deal,"$500,000","$125,000 for 7% plus $375,000 on an uncapped SAFE with MFN.",Y Combinator,Y Combinator,Y Combinator's Standard Deal,https://www.ycombinator.com/deal,high,Approximate batch-period date used for ordering; exact YC close date is not public.
Structured AI,Structured Software Inc,Active,F25,Structured AI,F25,2025-10-04,exact,Undisclosed venture round,Undisclosed,Not publicly disclosed,Not publicly specified,Not publicly disclosed,"WSJ: Europe’s AI Startups Look Stateside for Bigger Checks, Quicker Deals",https://www.wsj.com/tech/ai/europes-ai-startups-look-stateside-for-bigger-checks-quicker-deals-1a1dff43?,medium,News coverage indicates fundraising activity but did not publicly disclose the round size or investor list in accessible snippets.
Subtrace,"Subtrace, Inc.",Active,W25,Subtrace,W25,2025-01-01,approx_batch_period,YC standard deal,"$500,000","$125,000 for 7% plus $375,000 on an uncapped SAFE with MFN.",Y Combinator,Y Combinator,Y Combinator's Standard Deal,https://www.ycombinator.com/deal,high,Approximate batch-period date used for ordering; exact YC close date is not public.
Sunset,Sunset Software Inc,Active,F24,Sunset,F24,2024-09-01,approx_batch_period,YC standard deal,"$500,000","$125,000 for 7% plus $375,000 on an uncapped SAFE with MFN.",Y Combinator,Y Combinator,Y Combinator's Standard Deal,https://www.ycombinator.com/deal,high,Approximate batch-period date used for ordering; exact YC close date is not public.
Sunset,Sunset Software Inc,Active,F24,Sunset,F24,2024-12-05,exact,Pre-seed,"$500,000",Not publicly disclosed,Y Combinator; Unpopular Ventures,Y Combinator; Unpopular Ventures,Sunset funding search results / YC jobs page,,medium,Public snippets show a $500k pre-seed round dated 2024-12-05.
Tinfoil,"Tinfoil, Inc.",Active,X25,Tinfoil,X25,2024-07-01,exact,Pre-seed,Undisclosed,Not publicly disclosed,Not publicly specified,Not publicly disclosed,Tinfoil funding search results (Crunchbase snippet),,medium,Public search snippets indicate a pre-seed round on 2024-07-01 but do not expose the investor list.
Tinfoil,"Tinfoil, Inc.",Active,X25,Tinfoil,X25,2025-04-01,approx_batch_period,YC standard deal,"$500,000","$125,000 for 7% plus $375,000 on an uncapped SAFE with MFN.",Y Combinator,Y Combinator,Y Combinator's Standard Deal,https://www.ycombinator.com/deal,high,Approximate batch-period date used for ordering; exact YC close date is not public.
Tinfoil,"Tinfoil, Inc.",Active,X25,Tinfoil,X25,2025-07-15,exact,Seed,Undisclosed,Not publicly disclosed,Pioneer Fund,Pioneer Fund,Tinfoil funding search results (latest seed round snippet),,medium,Public search snippets named Pioneer Fund on the latest seed round but did not expose the amount.
True3D Labs,True3D Technologies Inc,Active,W21,True3D Labs,W21,2021-01-01,approx_batch_period,YC standard deal,"$125,000","$125,000 for 7% (standard YC deal in 2021 batch materials).",Y Combinator,Y Combinator,How to Apply and Succeed at YC (2021),https://www.ycombinator.com/blog/how-to-apply-and-succeed-at-yc,high,Approximate batch-period date used for ordering; exact YC close date is not public.
Veria Labs,"Veria Labs, Inc.",Active,F25,Veria Labs,F25,2025-09-01,approx_batch_period,YC standard deal,"$500,000","$125,000 for 7% plus $375,000 on an uncapped SAFE with MFN.",Y Combinator,Y Combinator,Y Combinator's Standard Deal,https://www.ycombinator.com/deal,high,Approximate batch-period date used for ordering; exact YC close date is not public.
Vesence,"Versenium, Inc.",Active,X25,Vesence,X25,2025-04-01,approx_batch_period,YC standard deal,"$500,000","$125,000 for 7% plus $375,000 on an uncapped SAFE with MFN.",Y Combinator,Y Combinator,Y Combinator's Standard Deal,https://www.ycombinator.com/deal,high,Approximate batch-period date used for ordering; exact YC close date is not public.
Vesence,"Versenium, Inc.",Active,X25,Vesence,X25,2025-10-28,exact,Seed,"$9,000,000",Not publicly disclosed,Emergence Capital,Emergence Capital; Creandum; Y Combinator; 20VC; Paul Graham; Anton Osika; Jason Boehmig,Vesence Raises $9M Seed Round | Vesence,https://www.vesence.com/blog/seed-round-announcement,high,Official company announcement publicly named the round lead and participating investors.
Wardstone,Wardstone Inc.,Active,F25,Wardstone,F25,2025-09-01,approx_batch_period,YC standard deal,"$500,000","$125,000 for 7% plus $375,000 on an uncapped SAFE with MFN.",Y Combinator,Y Combinator,Y Combinator's Standard Deal,https://www.ycombinator.com/deal,high,Approximate batch-period date used for ordering; exact YC close date is not public.
Wayco,"Wayco AI, Inc.",Active,W26,Wayco,W26,2026-01-01,approx_batch_period,YC standard deal,"$500,000","$125,000 for 7% plus $375,000 on an uncapped SAFE with MFN.",Y Combinator,Y Combinator,Y Combinator's Standard Deal,https://www.ycombinator.com/deal,high,Approximate batch-period date used for ordering; exact YC close date is not public.
YouLearn,Youlearn Inc.,Active,X25,YouLearn,X25,2025-04-01,approx_batch_period,YC standard deal,"$500,000","$125,000 for 7% plus $375,000 on an uncapped SAFE with MFN.",Y Combinator,Y Combinator,Y Combinator's Standard Deal,https://www.ycombinator.com/deal,high,Approximate batch-period date used for ordering; exact YC close date is not public.
YouLearn,Youlearn Inc.,Active,X25,YouLearn,X25,2025-06-02,exact,Seed,Undisclosed,Not publicly disclosed,Not publicly specified,Y Combinator; Christopher Howard,YouLearn funding search results (Crunchbase / company profile snippets),,medium,Public search snippets show a seed round dated 2025-06-02 with two named investors.
Zavo,Zavo Inc,Active,F25,Zavo,F25,2025-09-01,approx_batch_period,YC standard deal,"$500,000","$125,000 for 7% plus $375,000 on an uncapped SAFE with MFN.",Y Combinator,Y Combinator,Y Combinator's Standard Deal,https://www.ycombinator.com/deal,high,Approximate batch-period date used for ordering; exact YC close date is not public.
Zeropath,Zeropath Corp.,Active,S24,ZeroPath,S24,2024-06-01,approx_batch_period,YC standard deal,"$500,000","$125,000 for 7% plus $375,000 on an uncapped SAFE with MFN.",Y Combinator,Y Combinator,Y Combinator's Standard Deal,https://www.ycombinator.com/deal,high,Approximate batch-period date used for ordering; exact YC close date is not public.
Zeropath,Zeropath Corp.,Active,S24,ZeroPath,S24,2024-09-19,exact,Pre-seed,Undisclosed,Not publicly disclosed,Not publicly specified,Y Combinator; Mergus Ventures,ZeroPath company / funding database snippets,,medium,Public search snippets show a pre-seed round dated 2024-09-19.
Zeropath,Zeropath Corp.,Active,S24,ZeroPath,S24,2025-01-22,exact,Seed,Undisclosed,Not publicly disclosed,SurgePoint Capital,SurgePoint Capital; Y Combinator; Paul Graham,"ZeroPath funding search results (Jan. 22, 2025 seed round)",,medium,Public search results named investors but did not disclose amount or pricing.
